Job Title,Company,Location
"Staff Data Analyst, Partnerships",Varo Bank,United States
Data Analyst,Numero Data,"Herndon, VA"
ODAR Data Analyst,MedReview Inc.,"New York, NY"
Data Analyst,Keurig Dr Pepper Inc.,"Sumner, WA"
Data Analyst,Microsoft,"Alaska, United States"
Data Analyst,SKIMS,"Los Angeles, CA"
Data Analyst,Microsoft,"North Dakota, United States"
Data Analyst,Duet,"New York, NY"
Data Analyst,Microsoft,"Idaho, United States"
Data Analyst,OrganOx,United States
Data Analyst,InterEx Group,United States
Data Analyst,Angeion Group,"San Diego, CA"
Data Analyst,The Walt Disney Company,"New York, NY"
"Data Analyst, Security",Netflix,United States
Data Analyst Intern,L’OCCITANE Group,"New York, NY"
"Data Analyst, Lever Insights",Lyft,"New York, NY"
"Data Analyst, Lever Insights",Lyft,"San Francisco County, CA"
Data Analyst,Walker & Dunlop,"California, United States"
Data Analyst,LTIMindtree,"Orlando, FL"
"Data Analyst, Production Finance Operations & Innovation",Netflix,"Los Angeles, CA"
"Data Analyst, Client Data Services",Meta,"New York, NY"
Data Analyst,CoinFlip,"Chicago, IL"
L/S Data Analyst,Point72,"Florida, United States"
Data Analyst,Walker & Dunlop,"Calabasas, CA"
Data Analyst,Paradigm Technology,Miami-Fort Lauderdale Area
Data Analyst: TX,Genesis10,"Plano, TX"
Data Analyst,"ALTA IT Services, LLC","Sterling, VA"
Data Analyst,"Pyramid Consulting, Inc","Charlotte, NC"
Data Analyst,LHH,"Columbus, Ohio Metropolitan Area"
Data Analyst,Technology Ventures,"McLean, VA"
Recruiting Data Analyst,Parexel,United States
Data Analyst,LogRocket,"Boston, MA"
Data Analyst,Hughes Federal Credit Union,"Tucson, AZ"
Senior Data Analyst,MNTN,United States
Product Data Analyst,Maxonic,"San Francisco, CA"
SQL/Excel Data Analyst,Talent Groups,"Irving, TX"
Data Analyst,eNGINE,"Pittsburgh, PA"
Data Analyst,RiverLink Biz,United States
Data Analyst,Horizontal Talent,"Minnetonka, MN"
Junior Data Analyst,"ExperienceIT, a Globant Division","Minneapolis, MN"
Data Analyst,Almo Corporation,"Philadelphia, PA"
Data Analyst,Value Add,"New York, United States"
Data Analyst,"Knight Law Group, LLP","Los Angeles, CA"
Data Analyst,Akkodis,New York City Metropolitan Area
Data Analyst,Net Conversion,Greater Orlando
Business Data Analyst,The Judge Group,Greater Chicago Area
Data Analyst (100% Remote),"ClearCaptions, LLC",United States
Data Analyst,MASON Development & Construction,"Jupiter, FL"
Data Analyst,Twelve Labs,"San Francisco, CA"
PowerBI & Data Analyst,Mauser Packaging Solutions,"Atlanta, GA"
Data Analyst,Syntricate Technologies,"Richmond, VA"
Data Analyst,Empassion Health,United States
Senior Data Analyst,Eaze,United States
Data Analyst,VeeAR Projects Inc.,"Seattle, WA"
Data Analyst,"Careismatic Brands, Inc.","Los Angeles, CA"
People Data Analyst,CloudKitchens,Los Angeles Metropolitan Area
SQL Data Analyst,"Pinnacle Partners, Inc","Indianapolis, IN"
Senior Data Analyst,Sailes,New York City Metropolitan Area
Data Analyst,Ascendion,"Richmond, VA"
Data Analyst,Syntricate Technologies,"Charlotte, NC"
Data Analyst,Microsoft,"Alabama, United States"
Data Analyst,"CrossTech Consulting Group, Inc.","Richmond, VA"
Data Analyst,Insight Global,"Plantation, FL"
Sr. Data Analyst - Tableau,Convey Health Solutions,"Chicago, IL"
Data Analyst II,Webcor,"San Francisco, CA"
Data Analyst,Calculated Hire,"Atlanta, GA"
Data Analyst Intern - SUMMER 2025 (3-months),Electronic Arts (EA),"Austin, TX"
Data Analyst/Sr Data Analyst,Mobile Health,United States
Data & Business Intelligence Analyst,Harvey Nash,United States
Data Analyst,ConnectedX Inc.,"Ann Arbor, MI"
Data Analyst,Molten Cloud,United States
Junior Data Analyst,"Steampunk, Inc.","El Paso, TX"
Data Analyst,InterSources Inc,"Redmond, WA"
Data Analyst,Mental Health Association,"Chicopee, MA"
Data Analyst,JRD Systems,"Downey, CA"
"Analyst II, Data Reporting / Business Intelligence",CarMax,"Kennesaw, GA"
Data Analyst | REMOTE,Efficus Inc,"Hawaii, United States"
Data Analyst,Akin (formerly Children's Home Society of Washington),United States
Data Analyst,Curinos,"New York, NY"
Data Analyst w/SQL,Genesis10,"Charlotte, NC"
Business Data Analyst,Stealth,United States
Business Data Analyst,EXL,United States
Data Analyst,Catapult Solutions Group,"Austin, Texas Metropolitan Area"
Power BI Data Analyst,Ringside Talent,"Columbus, OH"
Data Analyst,SSi People,"Boston, MA"
Data Analyst,DigniFi,United States
Data Analyst,Beam Benefits,"Columbus, OH"
Data Analyst,Russell Tobin,"Minnetonka, MN"
Data Analyst,Cyborgwave,"Harrisburg, PA"
Business Data Analyst,The Ash Group,"Westminster, CO"
Data Fulfillment Analyst,National Basketball Association (NBA),"New York, NY"
Data Analyst,"Pyramid Consulting, Inc","McLean, VA"
Data Analyst III,"Pyramid Consulting, Inc",United States
Data Analyst,Seneca Resources,"Huntsville, AL"
Data Analyst,24 Seven Talent,"Irving, TX"
Data Analyst,Duetti,"New York, United States"
Data Analyst,"Quantum Dynamics, Inc.","Washington, DC"
Data Analyst III,IntePros,"Redmond, WA"
Data Analyst,The Hub,United States
Data Analyst,Citi,"Irving, TX"
Data Analyst,Visana Health,United States
Data Analyst,Arrow Search Partners,"Los Angeles, CA"
Data Analyst,Harvey Nash,"Bellevue, WA"
Data Analyst,BakerRipley,"Houston, TX"
Staff Marketing Data Analyst,EarnIn,United States
Data Labeling Analyst II,Facebook,"San Francisco, CA"
Junior Data Analyst,"Helix Traffic Solutions, LLC","Austin, Texas Metropolitan Area"
Data Analyst Jr,OscarMike,"Irving, TX"
Data Analyst,Tata Consultancy Services,"Culver City, CA"
Data Analyst,"Specialized Recruiting Group - Raleigh-Durham, NC","Durham, NC"
Data Analyst Intern,Daimler Truck North America,"Portland, OR"
Marketing Data Analyst,Tire Rack,South Bend-Mishawaka Region
Data Analyst,ReliaQuest,"Salt Lake City, UT"
Data Analyst,Intelliswift Software,"McLean, VA"
Data Analyst,"ACS Consultancy Services, Inc",United States
Business Intelligence Analyst,Longbow Advantage,"Orange County, CA"
Data Analyst (REMOTE),Serigor Inc,"Washington, DC"
Data Analyst,Microsoft,"Oklahoma, United States"
Data Analyst,"Oreva Technologies, Inc.","New York, NY"
Data Analyst,BMG Money,"Miami, FL"
Data Analyst,"UrBench, LLC","Plano, TX"
Data Analyst III,WinMax,"Cupertino, CA"
Data Analyst,Office of the Special Narcotics Prosecutor for the City of New York,"New York, NY"
SQL Data Analyst,Altea Healthcare,"Houston, TX"
Data Analyst Associate,Genesis10,"McLean, VA"
Data Analyst,Insight Global,Greater St. Louis
Data Analyst,Harnham,"New York, NY"
Data Analyst,CloudIQ Technologies,United States
Early Career Data Analyst,WSP in the U.S.,"Redmond, WA"
"Staff Data Scientist, Strategy & Insights",LinkedIn,"Sunnyvale, CA"
Senior Data Scientist - Strategy & Insights,LinkedIn,"Sunnyvale, CA"
"Senior Data Scientist, Marketing Analytics",Saks OFF 5TH,"New York, NY"
"Data Scientist, Decisions - AdTech",Lyft,"New York, NY"
Data Scientist,Sartre Group,"New York, United States"
Data Scientist,Ascendion,United States
Data Scientist,Connecticut Innovations,"Connecticut, United States"
Data Scientist Intern,MillerKnoll,"Zeeland, MI"
Data Scientist (AI/ML),Syntricate Technologies,"Irving, TX"
Data Scientist,Curate Partners,"New York, United States"
Data Scientist,KUNGFU.AI,United States
Data Scientist I,FiscalNote,United States
"Associate Scientist/Scientist, Data Analytics & HEOR",OPEN Health,United States
Data Scientist,Talener,"Dallas, TX"
Data Scientist Internship/Co-op,Zoox,"Foster City, CA"
Data Scientist,Augment Jobs,United States
Data Scientist - Atlanta,Microsoft,"Atlanta, GA"
Data Scientist,Maverc Technologies,"Arlington, VA"
Data Scientist Co-Op (January - June 2025),Cohere Health,United States
Data Scientist,Voy Ventures,San Francisco Bay Area
Data Scientist,G2O,"Columbus, Ohio Metropolitan Area"
Data Scientist,Augment Jobs,"West Miami, FL"
Data Scientist / Economist,Workhelix,United States
Data Scientist,Inceed,"Oklahoma City, OK"
Data Scientist (Databricks),Straive,"Santa Clara County, CA"
Data Scientist,Tech Mahindra,United States
Junior-level Data Scientist (SECRET CLEARANCE),VivSoft,"Washington, DC"
Data Scientist,IT Associates,"Rosemont, IL"
Data Scientist - Pricing and Product Strategy,Dealer Tire,United States
"Data Scientist, Research, Google Display Ads Optimization",Google,"Mountain View, CA"
"Data Scientist, VPM Fraud Modeling - New College Grad 2025",Visa,"Miami, FL"
Data Scientist,Syntricate Technologies,"Dallas, TX"
Data Scientist,IT Minds LLC,"Whippany, NJ"
Data Scientist,"Diligent Tec, Inc","San Jose, CA"
Data Scientist,Xpanse,United States
Health Scientist (Data Scientist),Centers for Disease Control and Prevention,"Atlanta, GA"
Data Scientist,Octaura,"New York, NY"
Data Scientists Modeling,Apex Systems,"Dearborn, MI"
Research Scientist,Argonne National Laboratory,"Lemont, IL"
Data Scientist,Steneral Consulting,United States
"Business Data Scientist, Global Business Strategy and Operations",Google,"New York, NY"
Data Scientist (Remote),Elder Research,United States
Data Scientist,"Boston VA Research Institute, Inc. (BVARI)","Boston, MA"
Data Scientist - All Levels,Interclypse,"San Antonio, TX"
Data Scientist,Infosys,"Alpharetta, GA"
Data Scientist,LTIMindtree,United States
Data Scientists Modeling,KYYBA Inc,"Dearborn, MI"
Senior Data Scientist - Inference & Algorithms,LinkedIn,"Sunnyvale, CA"
"Data Scientist, VPM Fraud Modeling - New College Grad 2025",Visa,"Washington, DC"
Data Scientist,Wpromote,United States
Physical Scientist/Data Scientist,US Environmental Protection Agency (EPA),"Philadelphia, PA"
Healthcare Data Scientist,Metric Bio,United States
Data Scientist,Syntricate Technologies,"Bentonville, AR"
Junior Data Scientist,Blue Signal Search,"Queens, NY"
Data Scientist (AI/ML models),Genpact,New York City Metropolitan Area
Data Scientist,"Easy Healthcare Corporation | easy@Home, Premom",Greater Chicago Area
Data Scientist,Brooksource,"Columbus, Ohio Metropolitan Area"
Data Scientist,HCLTech,"Portland, Oregon Metropolitan Area"
Data Scientist II,Grubhub,New York City Metropolitan Area
Data Scientist II,Grubhub,Greater Chicago Area
"Data Scientist I, New Graduate",Duolingo,"New York, NY"
"Data Scientist, Intern (Undergraduate)",Duolingo,"New York, NY"
"Data Scientist, Product",Notion,"New York, NY"
"Data Scientist I, New Graduate",Duolingo,"Pittsburgh, PA"
"Data Scientist, Product",Notion,"San Francisco, CA"
Data Scientist (L5) - Ads (Experimentation),Netflix,"New York, United States"
Machine Learning Engineer,Netflix,"Los Gatos, CA"
Data Scientist,Home Organizers,"Hacienda Heights, CA"
Data Scientist,Brex,"New York, NY"
"Data Scientist, Product Analytics",Meta,"New York, NY"
Data Scientist,"Donato Technologies, Inc.",United States
Data Scientist,Brex,"San Francisco, CA"
Data Scientist,"Donato Technologies, Inc.","Sunnyvale, CA"
"Data Scientist, Product Analytics",Meta,"Menlo Park, CA"
"Graduate Intern, Data Scientist (Spring, 2025)",Delta Air Lines,"Atlanta, GA"
AI/ML Data Scientist,"Unreal Staffing, Inc","San Francisco, CA"
Data Scientist,Zest AI,United States
Data Scientist - New Grad (2025 Start),Databricks,"Mountain View, CA"
Data Scientist,Software People Inc.,United States
Data Scientist,CareHarmony,United States
"Graduate Intern, Data Scientist (Summer, 2025)",Delta Air Lines,"Atlanta, GA"
Data Scientist,Duetto,"Miami, FL"
"Data Scientist, Intern (Undergraduate)",Duolingo,"Pittsburgh, PA"
Data Scientist,QuantumBricks,United States
Machine Learning Engineer,Cerberus Capital Management,"New York, NY"
Data Scientist,BrightAI,United States
Data Scientist - Bellevue,Resulticks,"Bellevue, WA"
Data Scientist,"Donato Technologies, Inc.","Baltimore, MD"
Data Scientist (Healthcare),"IT Concepts, Inc","District of Columbia, United States"
Data Scientist,REFORM Alliance,"New York, NY"
"Data Scientist, Product Analytics",Meta,United States
Senior Data Scientist,Walmart Global Tech,"Sunnyvale, CA"
Data Scientist,Vast.ai,"Los Angeles, CA"
"Data Scientist, Product Analytics",Meta,"Burlingame, CA"
Data Scientist - Intern (2025),Figma,"New York, NY"
"Senior, Data Scientist",Walmart,"Bentonville, AR"
"Senior Data Scientist, Analytics",Duetto,"Austin, TX"
Data Scientist,Vertisystem,"San Francisco, CA"
"Data Scientist, Product Analytics",Meta,"Sunnyvale, CA"
Data Scientist,BayOne Solutions,"Plano, TX"
Data Scientist,The Applied Research Laboratory at Penn State University,"San Diego, CA"
Machine Learning Engineer,Edison Smart®,"Irvine, CA"
Data Scientist,Interclypse,"Annapolis Junction, MD"
"Data Scientist, 1+ Years of Experience",Snap Inc.,"New York, United States"
Principal Data Scientist,Cint,"New York, NY"
Machine Learning Engineer,Xpanse,United States
Data Scientist,Advanced Tech Placement,"Roseland, NJ"
"Data Scientist, 1+ Years of Experience",Snap Inc.,"Los Angeles, CA"
Data Scientist,Amtex Systems Inc.,United States
Data Scientist,The Lab Consulting,"Houston, TX"
Data Scientist (AI/ML/Automation),Indev,"Springfield, VA"
Principal Data Scientist,OVERJET,"Boston, MA"
Data Scientist,"ACS Consultancy Services, Inc",United States
Data Scientist-2,Regions Bank,"Miami, FL"
Data Scientist,Cygnus Professionals Inc.,"New York, United States"
Data Scientists Modeling,Stefanini North America and APAC,"Southfield, MI"
"Data Scientist, TikTok Risk Issues - San Jose",TikTok,"San Jose, CA"
Data Scientist,Central Transport,"Warren, MI"
Data Scientist,Red Hat,"Boston, MA"
Data Scientist,Thatch,"San Francisco, CA"
Data Scientist,Pave,San Francisco Bay Area
Data Scientist - AI,Spektrum,"Norfolk, VA"
Data Scientist,Spektrum,"Norfolk, VA"
Data Scientist III: 24-02827,"Akraya, Inc.","Plano, TX"
Data Scientist (Healthcare ESI),"IT Concepts, Inc",United States
"Data Scientist - Up to $170,000 + Huge Bonus + Package",Hunter Bond,"Houston, TX"
Data Scientist,Lorven Technologies Inc.,United States
Machine Learning Engineer,"Eccalon, LLC",United States
Data Scientist - Product,Confluent,United States
Data Scientist,Eliassen Group,United States
"Business Data Scientist, Global Business Strategy and Operations",Google,"San Francisco, CA"
Data Scientist,Syntricate Technologies,"Nashua, NH"
"Business Data Scientist, Global Business Strategy and Operations",Google,"Mountain View, CA"
Data Scientist,Tekgence Inc,"Madison, WI"
Senior Data Scientist (Full Time),"Diligent Tec, Inc","New Jersey, United States"
Junior Data Scientist,Core4ce,"Virginia, United States"
Senior Data Scientist (Predictive Analytics),Focus Capital Markets,New York City Metropolitan Area
Remote Entry-Level Data Scientist,Takeaway Pizza,"San Antonio, TX"
Research Scientist,Carbon Engineering,"California, United States"
Data Scientist with Gen AI experience - Llama,Syntricate Technologies,"Dallas, TX"
Data Scientist - All Levels,Interclypse,"Annapolis Junction, MD"
"Research Scientist, Google Cloud AI",Google,"Sunnyvale, CA"
Data Scientist,Brahma Consulting Group,"Arizona, United States"
Junior Data Scientist Cohort,Koddi,"Fort Worth, TX"
Data Scientist,Addison Group,"Houston, TX"
Junior Data Scientist,TekStream Solutions,"Northern, VA"
Data Scientist (New York),The Voleon Group,"New York, United States"
Machine Learning Engineer (MLOps),DeepRec.ai,San Francisco Bay Area
"Data Scientist, Ads Metrics",Google,"Mountain View, CA"
Data Scientist,Augment Jobs,"California Hot Springs, CA"
Data Scientist - Alternative Investment,Thurn Partners,"New York, United States"
"Staff Data Scientist, Marketplace",Airbnb,United States
Data Scientist - Medical Data,ClaimReturn,"Dallas, TX"
"Data Scientist, Growth",Wealthfront,"Palo Alto, CA"
Machine Learning Engineer- Remote,Harbor Freight Tools,United States
Data Scientist,DC Department of Human Resources,"Washington, DC"
Data Scientist,Avathon,"Austin, TX"
Artificial Data Scientist,TechSur Solutions,United States
Data Scientist,"NasTech Global, Inc.,","Falls Church, VA"
Data Scientist,Kavaliro,"Chantilly, VA"
"Data Scientist, ML OPS",Indegene,United States
Data Scientist,The Judge Group,Greater Chicago Area
Data Scientist,CornerStone Technology Talent Services,"Texas, United States"
Associate Data Scientist,Adtalem Global Education,"Minneapolis, MN"
Data Scientist,Seneca Resources,"Huntsville, AL"
Sr. Data Scientist,Scipher Medicine,"Waltham, MA"
Data Scientist,Blue Signal Search,"California, United States"
Data Scientist,The Denzel Group,"Allentown, PA"
ENTRY LEVEL DATA SCIENTIST,SynergisticIT,"New York County, NY"
"Data Scientist - Statistical Analysis & Modeling (Tableau, SQL, Python)",Artmac,"Elk Grove, CA"
Data Engineer,McDonald's,"Chicago, IL"
Data Engineer (L5) - Games,Netflix,"Los Gatos, CA"
Data Engineer (L5) - Product,Netflix,United States
Data Visualization Engineer (L4) - Content & Studio,Netflix,United States
Data Engineer (L5) - Product (Device),Netflix,United States
Data Engineer,Walgreens,"Deerfield, IL"
Data Engineer I/II,Atomica,"Goleta, CA"
Data Engineer,Brex,"San Francisco, CA"
Data Engineer (Entry Level),Ericsson,"Plano, TX"
Data Engineer,The College Board,United States
Staff Data Engineer - Data Science,LinkedIn,"Sunnyvale, CA"
Data Engineer,Factspan,"Atlanta, GA"
Data Engineer I,Flashpoint,"Tysons Corner, VA"
Data Engineer (L5) - Security,Netflix,United States
Data Engineer (L5) - Growth Insights and Foundations,Netflix,"Los Gatos, CA"
Data Engineer,Dashlane,"New York, NY"
Data Engineer,Divert,"Concord, MA"
Data Engineer Internship,Red Hat,"Raleigh, NC"
"Data Engineer, Product",Notion,"San Francisco, CA"
"Software Engineer, Early Career, Campus, 2025",Google,"New York, NY"
Data Engineer Co-op Winter Internship – 2025 (US),Amazon,"Seattle, WA"
Senior Data Engineer,Above Lending,"Chicago, IL"
"Data Engineer, Product",Notion,"New York, NY"
Data Engineer (all levels),Pomelo Care,United States
Data Engineer III,Walmart,"Bentonville, AR"
Data Engineer,Indigo Tech,United States
Jr. Data Engineer,NinjaHoldings,"Chicago, IL"
Data Engineer,Wipro,"Redmond, WA"
Data Analytics Engineer,Meta,"Sunnyvale, CA"
Data Analytics Engineer,Subaru of America,"Camden, NJ"
Data Engineer,Replicate,"San Francisco, CA"
Data Engineer,ForceMetrics,"New York, NY"
Data Engineer,Lenovo,"Whitsett, NC"
Data Engineer - Data Engineer I,INSPYR Solutions,"New York, NY"
Data Engineer,Hayden AI,"San Francisco, CA"
"Software Engineer, Early Career, Campus, 2025",Google,"San Francisco, CA"
Data Engineer,St. Louis Cardinals,"St Louis, MO"
Data Engineer II,WinMax,"Cupertino, CA"
Data Engineer,Fashion Nova,"Beverly Hills, CA"
"Software Engineer, Early Career, Campus, 2025",Google,"Seattle, WA"
Data Engineer,Addgene,"Watertown, MA"
Data Engineer,Wipro,"Rancho Cordova, CA"
Data Engineer,Authentica Solutions,"League City, TX"
"Software Engineer, Early Career, Campus, 2025",Google,"San Bruno, CA"
Data Engineer,Ford Motor Company,"Dearborn, MI"
Data Analytics Engineer,"American Honda Motor Company, Inc.","Raymond, OH"
Data Engineer Intern - Undergraduate,Sony Interactive Entertainment,Los Angeles Metropolitan Area
"Software Engineer, Early Career, Campus, 2025",Google,"Sunnyvale, CA"
Data Engineer I,Belcan,"New York, NY"
Data Engineer,Aristotle,"Provo, UT"
Data Engineer Summer Intern,NinjaHoldings,"Chicago, IL"
Data Engineer I,Travelers,"Hartford, CT"
Data Engineer,City National Bank of Florida,"Miami, FL"
Data Engineer II,The Walt Disney Company,"Seattle, WA"
Data Engineer,City Bank,"Lubbock, TX"
Data Engineer,Capgemini Engineering,"Dallas, TX"
Data Engineer,Genpact,"Durham, NC"
Data Engineer,Steneral Consulting,"Raleigh, NC"
Data Engineer,Publicis Media,"Atlanta, GA"
"Data Engineer, Finance",Notion,"San Francisco, CA"
"Data Engineer, Finance",Notion,"New York, NY"
Data Engineer,Brex,"New York, NY"
Data Engineer (L5) - Customer Service,Netflix,United States
Data Engineer,Cardone Ventures,"Scottsdale, AZ"
Data Engineer,PepsiCo,"Chicago, IL"
Data Engineer,PepsiCo,"Plano, TX"
"Software Engineer, Early Career, Campus, 2025",Google,"Los Angeles, CA"
"Data Engineer, Business Data Operations",New York Football Giants,"East Rutherford, NJ"
Data Engineer - New College Grad,Visa,"Austin, TX"
Jr. Data Engineer,Sayari,United States
Data Engineer,FinThrive,United States
Data Engineer II-R-232216,Mastercard,"Arlington, VA"
"Data Engineer, Personalization",Spotify,"New York, NY"
Data Engineer,AAPC,"Salt Lake City, UT"
Data Engineer I,Lennar,"Irving, TX"
Data Engineer,"Donato Technologies, Inc.","Delaware, OH"
"Data Engineer, NASC Data Engineering",Amazon,"Bellevue, WA"
Data Engineer,FanDuel,"Atlanta, GA"
Data Engineer,Cyborgwave,United States
Data Engineer Intern - Summer 2025,NinjaTrader,"Chicago, IL"
Data Engineer,American Express,"Phoenix, AZ"
"Software Engineer, Early Career, Campus, 2025",Google,"San Jose, CA"
Data Engineer,Accroid Inc,"Des Moines, IA"
Big Data  Engineer,"Donato Technologies, Inc.","Wilmington, DE"
Data Engineer,Tech9,United States
Data Analytics Engineer,Tandym Group,"Washington, DC"
"Software Engineer, New Grad (2025 Start)",Zip,"San Francisco, CA"
"Software Engineer, Early Career, Campus, 2025",Google,"Mountain View, CA"
Data Engineer,InterSources Inc,"Chandler, AZ"
Data Engineer intern,Sysco,"Houston, TX"
Data Engineer,Digital Janet,United States
Data Engineer,Efficus Inc,"Freeport, ME"
Data Engineer,Accroid Inc,United States
Data Engineer,eNGINE,Greater Pittsburgh Region
Data Engineer,Zortech Solutions,"Mountain View, CA"
Senior Data Engineer,Omnicell,"Cranberry Township, PA"
Data Engineer ( Python ),"Conch Technologies, Inc","Wilmington, DE"
"Data Engineer, Python, PySpark",Idexcel,"McLean, VA"
Data Engineer (Remote),RxAnte,"Portland, ME"
Data Engineer,Healthlink Advisors,United States
Data Engineer,HireKeyz Inc,"Midvale, UT"
Data Engineer,"Chimera Securities, LLC","New York, NY"
Data Engineer,Redhorse Corporation,"Arlington, VA"
Data Engineer,HireKeyz Inc,United States
"Senior, Software/Data Engineer",Walmart Global Tech,"Bentonville, AR"
Data Engineer,Ampcus Inc,"Mountain View, CA"
Data Engineer I,Intelliswift Software,"New York, NY"
Data Engineer (Remote),VivSoft,"San Antonio, TX"
Data Engineer,Hexaware Technologies,"Plano, TX"
Data Engineer Intern - Master's,Sony Interactive Entertainment,"San Mateo, CA"
Data Engineer Intern,Shure Incorporated,"Niles, IL"
Data Engineer,Wipro,"Tampa, FL"
Junior Data Engineer,SynergisticIT,"Massachusetts, United States"
Data Engineer Intern - Investments,Ameritas,"Lincoln, NE"
Data Engineer,Mondo,"New York, NY"
Data Engineer,IT Associates,"Illinois, United States"
Data Engineer,Intelliswift Software,"Austin, TX"
Data Engineer,Illumination Works,United States
Python Data Engineer + GCP,Zortech Solutions,"Austin, TX"
Data Engineer,PayPal,"Austin, TX"
SQL Data Engineer.,"Pyramid Consulting, Inc","Alpharetta, GA"
Data Engineer,Center for Justice Innovation,"New York, NY"
Data Engineer (L5),Netflix,United States
Data Engineer (L5) - Ads,Netflix,"New York, NY"
Data Engineer (L5) - Growth,Netflix,United States
"Data Engineer, Analytics",Meta,"New York, NY"
Data Engineer (L5) - Content Machine Learning,Netflix,"Los Angeles, CA"
"Data Engineer, Analytics",Meta,"Bellevue, WA"
"Data Engineer, Analytics",Meta,"Burlingame, CA"
"Data Engineer, Analytics",Meta,"Seattle, WA"
"Data Engineer, Analytics",Meta,"Menlo Park, CA"
Data Engineer,American Express,"New York, NY"
Junior Data Engineer,Kforce Inc,"North Palm Beach, FL"
AI Data Engineer - Hedge Fund - Up to $500k Total Compensation,Saragossa,New York City Metropolitan Area
Data Engineer,Ccube,"Alpharetta, GA"
Data Engineer,TEKsystems,"San Francisco, CA"
Data Engineer,TriCom Technical Services,United States
Data Engineer,Ascendion,"New Jersey, United States"
Data Engineer,"Thomas & Moore Strategic Ventures, LLC","Tampa, FL"
Data Engineer,"netPolarity, Inc. (Saicon Consultants, Inc.)","Cupertino, CA"
Data Engineer Python,"Conch Technologies, Inc","Plano, TX"
Data Engineer,Kforce Inc,"Roanoke, TX"
Data Engineer,Tegria,United States
Data Engineer: 24-02731,"Akraya, Inc.","New York, NY"
Data Engineer,InterSources Inc,"Santa Clara, CA"
Data Analytics Engineer,KYYBA Inc,"San Francisco, CA"
Data Engineer,Kforce Inc,"Needham Heights, MA"
Data Engineer,Ryan,"Dallas, TX"
Senior Data Engineer,Stanley David and Associates,"Sunnyvale, CA"
Data Engineer II,Databricks,"Mountain View, CA"
Data Engineer,Smart Energy Water,"Irvine, CA"
Senior Data Engineer,StubHub,"Los Angeles, CA"
Data Engineer,Intelliswift Software,"Seattle, WA"
Data Engineer,Rearc,"New York, NY"
"Data Engineer (Azure Data Factory, ETL, PowerCenter, Data Warehouse) | TELECOMMUTE |",Efficus Inc,"Minnesota, United States"
Data Engineer,Equiliem,"Beaverton, OR"
Data Engineer,Syntricate Technologies,"Cincinnati, OH"
data engineer,Umanist Staffing,"Minnesota, United States"
Data Engineer,"Boston VA Research Institute, Inc. (BVARI)","Boston, MA"
Data Engineer,InterSources Inc,"San Francisco, CA"
SQL Data Engineer,"Pyramid Consulting, Inc","Alpharetta, GA"
Data Engineer,Avathon,"Austin, TX"
Data Engineer (NYC Hedge-Fund w/ $10B AUM),Averity,"New York, NY"
Data Engineer,Ampcus Inc,"Jersey City, NJ"
Data Engineer Intern-Summer 2025,Trove Brands,"Lehi, UT"
Data Engineer II,Lennar,"Irving, TX"
Junior Data Engineer,SynergisticIT,"Las Vegas, NV"
Data Engineer - Expert,Nike,"Beaverton, OR"
Junior Data Engineer/Data Analyst- Python and SQL,Motion Recruitment,"Atlanta, GA"
Cloud Data Engineer,Cloudforce,"National Harbor, MD"
Data Engineer,Ampcus Inc,"New York County, NY"
Database Engineer,"TherapyNotes, LLC",United States
"Software Engineer, Early Career, Campus, 2025",Google,"Kirkland, WA"
Data Engineer,"Inabia Solutions and Consulting, Inc.","Sunnyvale, CA"
Data Engineer,Ampcus Inc,"New York, NY"
Data Engineer,Inceed,"Midland, TX"
"Data Engineer,EDMIII",Accelon Inc.,"San Francisco, CA"
"Principal Data Engineer, Analytics - Riot Data",Riot Games,"Los Angeles, CA"
Data Engineer,Credit Genie,"New York, NY"
Data Analytics Engineer,Actifai,"Washington, DC"
Data Engineer,"ShiftCode Analytics, Inc.","San Francisco, CA"
"Data Engineer, Gen AI",Inizio Partners,"New York, NY"
Data Engineer,Zortech Solutions,United States
Data Engineer,Greenway Health,United States
Machine Learning Engineer,St. Louis Cardinals,"St Louis, MO"
Data Scientist,US Environmental Protection Agency (EPA),"Washington, DC"
NLP / Machine Learning Engineer,Syren Cloud Inc,"Raritan, NJ"
AI Engineer,Snappr,"San Francisco, CA"
AI/ML Developer,PETADATA,"San Francisco, CA"
Machine Learning/Artificial Intelligence Engineer (ML/AI),Cromulence,"Melbourne, FL"
"Machine Learning Engineer, Growth",Patreon,"San Francisco, CA"
AI/ML Machine Learning Engineer,Lockheed Martin,Denver Metropolitan Area
Data Scientist (Entry-Level),ISALYS Group,"Austin, TX"
Junior Data Scientist,Intellect Group,"Manhattan, NY"
Machine Learning Engineer,Steneral Consulting,United States
AI/ML Engineer,"Donato Technologies, Inc.","Delaware County, PA"
AI Engineer,Pulley,"San Francisco, CA"
Machine Learning Engineer,Steneral Consulting,"Philadelphia, PA"
Machine Learning Engineer,Eriez,"Erie, PA"
Machine Learning Engineer (The AI Innovator),"Unreal Staffing, Inc","Austin, TX"
Machine Learning Engineer,STAT Recovery Services,United States
Machine Learning Engineer,Proximate Technologies Inc,"Houston, TX"
Data Scientist (The Data Whisperer),"Unreal Staffing, Inc","Austin, TX"
Machine Learning Research Engineer,MindTech,"Boston, MA"
machine learning research intern,Astera Institute,"California, United States"
Data Scientist,St. Louis Cardinals,"St Louis, MO"
AI/ML Engineer,Augment Jobs,"New York, NY"
Python Machine Learning Engineer,Steneral Consulting,"Malvern, PA"
Machine Learning Engineer - Research and Development,Avispa,"South San Francisco, CA"
Research Assistant (40% part-time),UCLA Health,"Los Angeles, CA"
Data Scientist (The Data Whisperer),"Unreal Staffing, Inc","San Francisco, CA"
Machine Learning Engineer,Paradigm,United States
Machine Learning Engineer - Hybrid,Volitiion IIT - Putting Intelligence in IT,United States
Engineering AI Data Annotator (Remote),Trucking People - Now Hiring!,"Houston, TX"
"2025 Intern - Data Scientist, Firefly",Adobe,"San Jose, CA"
Machine Learning Engineer with Generative AI,PETADATA,United States
Machine Learning Engineer,Blockhouse,"New York, NY"
AI/ML Engineer,Augment Jobs,United States
Machine Learning Engineer,Adroit Innovative Solutions Inc,"Philadelphia, PA"
Machine Learning Engineer/Researcher,PlayAI (formerly PlayHT),"Palo Alto, CA"
"Applied Scientist / Machine Learning Engineer, Software Engineer (Machine Learning)",Veracity Software Inc,"San Jose, CA"
Data Scientist,Fractal,San Francisco Bay Area
ML Engineer /Enthusiast,Apptad Inc.,"Sunnyvale, CA"
Machine Learning Engineer,Apollo Solutions,"New York, NY"
Junior Data Scientist,NewSpace Technical,"Texas, United States"
Machine Learning Engineer,Ampcus Inc,"Merrifield, VA"
Machine Learning Research Engineer,Integrity Careers LLC,"San Francisco, CA"
AI/ML Engineer,Stellar IT Solutions,"St Louis, MO"
Machine Learning Engineer (Remote),HoloHire,"Chicago, IL"
Machine Learning Engineer,Cantor Fitzgerald,"New York, NY"
Machine Learning Engineer,"MM International, LLC","Los Altos, CA"
Machine Learning Engineer (Remote),HoloHire,"Denver, CO"
Junior Data Scientist,Brooksource,"Columbus, Ohio Metropolitan Area"
Machine Learning Engineer (The AI Innovator),"Unreal Staffing, Inc","San Francisco, CA"
Machine Learning Engineer,Bunkerhill Health,"San Francisco, CA"
Machine Learning Engineer,Inhabitr,"Milpitas, CA"
Machine Learning Engineer,ScaleneWorks INC,"Philadelphia, PA"
AI/ML Research Engineer,Lockheed Martin,Denver Metropolitan Area
Machine Learning Engineer (Remote),HoloHire,"Austin, TX"
Math Enthusiasts for AI Testing (Remote),Trucking People - Now Hiring!,"Chicago, IL"
AI/ML Engineer,"Donato Technologies, Inc.","Delaware, OH"
AI/ML Engineer,Digital Infuzion,"Rockville, MD"
ML Research Engineer,Weave Robotics,"San Francisco, CA"
Junior Data Scientist,Redhorse Corporation,"Arlington, VA"
AI/ML Developer,"Conch Technologies, Inc","Wilmington, DE"
Data Scientist,LTIMindtree,"Tampa, FL"
"NCSU Data Science Career Expo on October 7, 2024",FUJIFILM Diosynth Biotechnologies,"Holly Springs, NC"
Fresh grad ML Platform Engineer [28757],Stealth,"San Francisco, CA"
Machine Learning Researcher,CodaMetrix,"Boston, MA"
Data Science Intern,Tidepool,"Palo Alto, CA"
AI Researcher/Scientist,Kiva AI,"California, United States"
Machine Learning Engineer,Output Biosciences,"New York, NY"
Junior Machine Learning Engineer,SynergisticIT,"Bozeman, MT"
Machine Learning Engineer,Tiger Analytics,United States
Bioinformatics Scientist,Empirico,"San Diego, CA"
Data Scientist - Freelance,Twine,United States
Data Scientist,Fractal,United States
Associate Machine Learning Engineer,Merlin,"Boston, MA"
Data Scientist-AI,"QTC Management, Inc.","San Dimas, CA"
"AI/ML Associate Engineer, Gradient Specialist",66degrees,"Chicago, IL"
Machine Learning Engineer,Atlassian,"San Francisco, CA"
Machine Learning Engineer -Large Language Model & Reinforcement Learning,"HireIO, Inc.","San Jose, CA"
AI Engineer,SafeBase,"San Francisco, CA"
Gen AI/ML Engineer,Ccube,"Atlanta, GA"
Machine Learning Engineer,Augment Jobs,"Philadelphia, PA"
"Research Engineer, Machine Learning  L6",Netflix,"Los Gatos, CA"
AI Engineer,Talent Avenue Staffing LLC,United States
Python with AI/ML,Tekgence Inc,"Phoenix, AZ"
AI/ML  Engineer,"Resource Informatics Group, Inc","Hartford, CT"
"Healthcare Data Scientist - Machine Learning/AI, Statistics, Operations Research",University of Maryland Medical System,"North Bethesda, MD"
Machine Learning Engineer,LTIMindtree,"Tampa, FL"
"Artificial Intelligence (""AI"") Architect","Anveta, Inc","Denver, CO"
Machine Learning Engineer - Level 1,RAND,Los Angeles Metropolitan Area
AI/ML Engineer,Augment Jobs,"Miami, FL"
Applied AI Engineer,Voyage Advisory,"Chicago, IL"
AI/ML Engineer,Digital Infuzion,United States
AI/ML Engineer,Augment Jobs,"California Hot Springs, CA"
Data Scientist,Digital Janet,United States
ML Data Scientist,"NasTech Global, Inc.,","Plano, TX"
Data Scientist - All Levels,Interclypse,"Reston, VA"
Data Scientist,AltScore,United States
Internship - Machine Learning Engineer & Data Science,Upper Hand,"Indianapolis, IN"
AI Engineer,SpeakEZ Virtual Solutions LLC,United States
AI Trainer (The Model Whisperer),"Unreal Staffing, Inc","San Francisco, CA"
Remote Data Scientist/Analyst (Entry/Junior Level),SynergisticIT,"Boulder, CO"
Data Scientist,Synergy ECP,"Hagerstown, MD"
AI Research Scientist,1910 Genetics,"Boston, MA"
ML Engineer,Typeface,"Palo Alto, CA"
Data Scientist,Squarespace,"New York, NY"
"Computer Scientist - AI Training (Freelance, Remote)",Alignerr,"San Francisco, CA"
Machine Learning Engineer,Ford Motor Company,"Dearborn, MI"
Python Machine Learning Engineer,"MM International, LLC","Malvern, PA"
Entry Level Data Scientist,SynergisticIT,"Sunnyvale, CA"
AI Engineer & Researcher - Post-training,xAI,"Palo Alto, CA"
Data Scientist,Augment Jobs,"New York, NY"
AI Intern,Kendra Scott,"Austin, TX"
"Senior Data Architect, Enterprise Data",Chipotle Mexican Grill,"Newport Beach, CA"
Sr Data Architect I,Staples,"Framingham, MA"
Data Architect,Timely Find,"El Segundo, CA"
Data Architect with Healthcare,AJNA INFOTECH,"Raleigh, NC"
Data Architect,Teknowiz,"New York, United States"
Data Architect,Steneral Consulting,"Tallahassee, FL"
Data Architect,Stellar Professionals,United States
Data Architect,Sand Cherry,United States
Data Architect,Singleton Group,Dallas-Fort Worth Metroplex
Data Architect,Accroid Inc,"Tallahassee, FL"
Data Architect,Noblesoft Technologies,United States
Data Architect,RELQ TECHNOLOGIES,United States
AWS Data Architect,Syntricate Technologies,United States
Data Architect,Opala,"Seattle, WA"
Data Architect,Syntricate Technologies,United States
Data warehouse Architect,Stellar Professionals,"Richmond, VA"
Data Architect,Capgemini,"Charlotte, NC"
Data Architect,Protagona,United States
Data Architect,Digital Janet,United States
100% Remote in CO - AI Data Architect - $90-100/hr,Hydrogen Group,"Colorado, United States"
Data Architect,Steneral Consulting,United States
Senior Data Architect,Tactiq,United States
Data Architect,Breezy Talent,"El Segundo, CA"
Data Architect,Northstrat Incorporated,"Washington, DC"
AWS Data Architect,Birlasoft,"New Jersey, United States"
Data Architect,Steneral Consulting,"Charlotte, NC"
Data Architect,Software People Inc.,United States
Data Architect,PyjamaHR,"El Segundo, CA"
Data Architect,"Soft Source, Inc","Chicago, IL"
Data Architect,Trispoke Managed Services Pvt. Ltd.,United States
Data Architect,Great American Insurance Group,"Ohio, United States"
DATA ARCHITECT,Software Technology Inc.,United States
Data Architect,"Unreal Staffing, Inc","San Francisco, CA"
Remote Work - Need GCP Data Architect,Steneral Consulting,United States
Senior Data Architect,Smart Gauge Staffing LLC,"Atlanta, GA"
Data Architect,Accroid Inc,"Pittsburgh, PA"
Data Architect,"Donato Technologies, Inc.","Whippany, NJ"
Data Architect,KYYBA Inc,"Massachusetts, United States"
Data Architect,Software Technology Inc.,United States
Data Architect,Accroid Inc,"Corvallis, OR"
Data Architect,Compunnel Inc.,"Atlanta, GA"
Data Architect,EdgeGlobal LLC,"Jersey City, NJ"
Sr. Data Architect,"Anveta, Inc","Atlanta, GA"
Data Architect (HYBRID),Serigor Inc,"Richmond, VA"
Data Warehouse Architect,ELITE MENTE(A vishusa.com company),United States
DATA ARCHITECT,Smart Gauge Staffing LLC,"Richmond, VA"
Junior Data Architect,@Orchard LLC,"Washington, DC"
DATA ARCHITECT,Smart Gauge Staffing LLC,"Jacksonville, FL"
Data Architect,InterEx Group,United States
Sr. Data Architect,"Anveta, Inc","Georgia, United States"
Data Architect/Cloud Data Architect,Prominence Advisors,United States
Senior Data Analyst/Architect,United Software Group Inc,"San Jose, CA"
Data Architect,InterEx Group,"Charlotte, NC"
Data Architect,Compunnel Inc.,Atlanta Metropolitan Area
Senior Data Architect,PerkSpot,Greater Chicago Area
Senior Data Architect,InterEx Group,United States
Data Architect,InterEx Group,"Miami, FL"
Data Architect,Community.com,United States
Data Architect/Scientist,Leidos,"McLean, VA"
Data Architect (10/24),"Soft Source, Inc","Tallahassee, FL"
Data Engineer / Database Architect,A-Line Staffing Solutions,"Troy, MI"
Data Architect,LTIMindtree,"Torrance, CA"
Azure Data Architect,Steneral Consulting,United States
Data Architect,Smart Gauge Staffing LLC,"Richardson, TX"
Immediate Hiring for Data Architect/ Data Modeller,TekOne IT Services Pvt. Ltd.,United States
Health Data Architect 100% telecommute.,"Anveta, Inc",United States
"Urgent Role || Data Architect || Boston, MA (Onsite Hybrid Role)",Steneral Consulting,"Boston, MA"
Data Architect with Healthcare,MSR Technology Group,"Raleigh, NC"
Data Architect,Find Next Hire,"El Segundo, CA"
Data Architect,"Spruce Technology, Inc.","Tallahassee, FL"
Data Architect,Jones Grove IT Recruiting,Charlotte Metro
Data Lead/Architect,IT Minds LLC,"New Holland, PA"
Data Architect-POWER PLATFORM AND OIL AND GAS,Accroid Inc,"Houston, TX"
GIS Data Architect,Sky Consulting Inc.,"Lansing, MI"
Data Governance Architect,Prime Vector Consulting Services LLC,United States
Cloud Data Architect,Tiger Analytics,"Jersey City, NJ"
Data Architect,VanderHouwen,United States
Data Architect (AWS),MindTech,"Boston, MA"
Data Architect/Engineer,EXPENTOR,"Annapolis, MD"
Data Architect,Software Technology Inc.,"Denver, NC"
Data Scientist Architect,TekOne IT Services Pvt. Ltd.,"Cambridge, MA"
Senior Data Architect - HYBRID IN GA,Parin Technologies,"Atlanta, GA"
Data Architect (onsite),SmartIPlace,"Fort Lauderdale, FL"
Data Architect- GCP - Remote,Software Technology Inc.,United States
Data Architect/Modeler,"Conch Technologies, Inc","Wilmington, DE"
Data Architect,Dexian,"McLean, VA"
Senior Data Architect,Unisys,United States
Data Architect,"Conch Technologies, Inc","San Diego, CA"
Data Architect - Life Science (Remote),PSRTEK,"New York, NY"
Senior Data & Integration Architect,Quaker Houghton,"Pennsylvania, United States"
Data Architect,Incedo Inc.,"Florham Park, NJ"
Data Architect / Cloud Infra-DevOps Architect / Data Analyst - Healthcare / Pharma (Google Cloud),Quadrangle,"Boston, MA"
Data Architect,Talent Groups,"Beaverton, OR"
Data Architect,Sligo Software Solutions Inc.,"Tallahassee, FL"
Data Architect,KYYBA Inc,"Boston, MA"
Data Architect,Pearson Whiffin Recruitment,"Florida, United States"
Data Architect,Cohere Technology Group,"Falls Church, VA"
Urgent Requirement :: Data Engineer / Senior / Lead / Data Architect :: 100% Remote (Anywhere in USA) :: Fulltime,Webologix Global,United States
Data Architect,Syntex (Data),San Francisco Bay Area
Data Architect,ISC - IT Staffing & Consulting,Tallahassee Metropolitan Area
Data Architect,"Verticalmove, Inc","Tallahassee, FL"
Cloud Data Architect,Advocate Health,"Allenton, WI"
Data Architect,Ark Infotech LLC,"Tallahassee, FL"
Data Infra & Governance Architect,TekTRnd,"Alameda, CA"
"Urgent requirement of AWS Data Architect at Bellevue, WA (Fulltime Only)",Webologix Global,"Bellevue, WA"
Data Architect,Forsyth Barnes,"Ann Arbor, MI"
Data Architect,Rose International,"Tallahassee, FL"
Data Architect,Starcom Consultant,United States
GTRI Sr. Data Architect,Laksan Technologies,"Atlanta, GA"
AWS Data Architect,InterSources Inc,"Warren, NJ"
Data Architect,"Liberty Personnel Services, Inc.","Wilmington, DE"
Azure Data Architect,"Conch Technologies, Inc",United States
Data Infra & Governance Architect,TekTRnd,"Santa Clara, CA"
Azure Data Architect,EPSoft,"Louisville, KY"
Azure Data Solutions Architect,Artmac,"Atlanta, GA"
Senior Data Architect,Producers National Corporation,"Chicago, IL"
Junior Data Architect,Intelliswift Software,"Cincinnati, OH"
Principal Consultant - Data Architect,CTI DATA,"New York, United States"
Data Architect,Health-E Commerce,United States
Big Data Architect,"Unreal Staffing, Inc","San Francisco, CA"
Data Architect w/ Azure,Steneral Consulting,United States
Data Architect,Syntricate Technologies,"Alpharetta, GA"
Data Architect,"Cape Henry Associates, Acquired by JANUS Research Group","Quantico, VA"
Data Architect/Data Modeler (Remote),TekOne IT Services Pvt. Ltd.,"Chicago, IL"
Data Architect,"Conch Technologies, Inc","Corvallis, OR"
Data Architect,DKMRBH Inc,"Seattle, WA"
Senior Data Architect,KYYBA Inc,"Hoboken, NJ"
Data Architect,OpsTalents LLC,United States
Data Architect,Vertex Elite LLC,"Chicago, IL"
AWS Data Architect,Software Technology Inc.,"Chicago, IL"
Data Architect,ELITE MENTE(A vishusa.com company),"Annapolis, MD"
AWS Data Architect with Telecom,InterSources Inc,"Denver, CO"
Data Architect,GridHawk LLC,"Crown Point, IN"
Data Architect,Amsin,"Tallahassee, FL"
Data Infra & Governance Architect,TekTRnd,"San Francisco, CA"
DATA ARCHITECT,KYYBA Inc,"Quincy, MA"
Data Architect,Medasource,United States
Data Architect,Birlasoft,"Raritan, NJ"
Lead Data Architect,Infinitive,"Ashburn, VA"
Data Architect,InterSources Inc,"Phoenix, AZ"
Sr Data Architect,Security Service Federal Credit Union,United States
Data Architect,Solugenix,"Phoenix, AZ"
Data Architect,O'Reilly Auto Parts,"Springfield-Branson, Missouri Area"
Sr Data Architect,MissionStaff,"King of Prussia, PA"
Data Architect,LTIMindtree,"Jersey City, NJ"
Data Architect,ITC Infotech,"Seattle, WA"
Data Architect,MARSHALL TECHNOLOGIES INC,"Los Angeles, CA"
Business Analyst,Safeway,"Pleasanton, CA"
Business Analyst,"American Honda Motor Company, Inc.",Los Angeles Metropolitan Area
"Business Analyst, CS Workforce Management",Netflix,United States
Business Analyst,Tarte Cosmetics,"New York, NY"
Senior Business Analyst,Armand Corporation,"New York, NY"
Business Analyst,ForceBrands,United States
"Business Analyst, Amazon Fresh Grocery",Amazon,"New York, United States"
Business Analyst,Amazon,"New York, NY"
Business Analyst,CGI,"Jersey City, NJ"
Business Analyst,"Airitos, LLC",United States
"Business Analyst, Logistics, Shopbop",Shopbop,"New York, United States"
Business Analyst,"Donato Technologies, Inc.",United States
Business Analyst,"Novisync, Inc","New York County, NY"
Business Analyst,"ExperienceIT, a Globant Division",Greater Minneapolis-St. Paul Area
Business Analyst - Entry Level,CGI,"Los Angeles, CA"
Business Analyst,InterEx Group,New York City Metropolitan Area
Business Analyst,CGS Federal (Contact Government Services),"New York, NY"
Business Analyst,Accroid Inc,"Juno Beach, FL"
Business Analyst,LivePerson,United States
Business Analyst -- Entry Level,CGI,"Los Angeles, CA"
Business Analyst,Essentials,United States
Business Analyst,Amazon,"Bellevue, WA"
Business Analyst,Rootshell Inc,"Santa Clara, CA"
Business Analyst,Northern Bank,"Woburn, MA"
Business Analyst (Remote),SmartIPlace,"Austin, TX"
Business Analyst,Pacific World Corporation,"Los Angeles County, CA"
Business Analyst,Accroid Inc,United States
Business Analyst,"Donato Technologies, Inc.","Atlanta, GA"
Business Analyst,"Anveta, Inc",United States
Business Analyst,CoreSite,"Denver, CO"
"Job Oportunity - Business Analyst- Chicago, IL","Donato Technologies, Inc.","Chicago, IL"
JR. Business Analyst - 100% REMOTE,Jobot Consulting,"Buffalo, NY"
JR. Business Analyst - 100% REMOTE,Jobot Consulting,"Toledo, OH"
JR. Business Analyst - 100% REMOTE,Jobot Consulting,"Cleveland, OH"
Business Analyst,Optomi,United States
JR. Business Analyst - 100% REMOTE,Jobot Consulting,"Pittsburgh, PA"
JR. Business Analyst - 100% REMOTE,Jobot Consulting,"Columbus, OH"
JR. Business Analyst - 100% REMOTE,Jobot Consulting,"Lexington, KY"
Business Analyst,The Bexar Company,"Terrell, TX"
Business Analyst,CGS Federal (Contact Government Services),"Los Angeles, CA"
Business Analyst,CGS Federal (Contact Government Services),"Miramar, FL"
Junior Business Analyst,Logical Paradigm,"Herndon, VA"
Business Analyst,CGS Federal (Contact Government Services),"San Francisco, CA"
Business Analyst 4,"Anveta, Inc","Columbus, OH"
"Business Analyst II, Planning and Operations, Shopbop",Shopbop,"New York, United States"
JR. Business Analyst - 100% REMOTE,Jobot Consulting,"Greensboro, NC"
Business Analyst,Steneral Consulting,"Juno Beach, FL"
Business Analyst-(Immediate position),Software Technology Inc.,"Trenton, NJ"
Business Analyst,Accroid Inc,"Richmond, VA"
Business Analyst,Maverc Technologies,"Boca Raton, FL"
Digital Business Analyst,Venchi,"New York, NY"
Business Analyst,CGS Federal (Contact Government Services),"Chicago, IL"
Business Analyst,CGS Federal (Contact Government Services),"Denver, CO"
JR. Business Analyst - 100% REMOTE,Jobot Consulting,"Taylor, MI"
Business Analyst,Amazon,"Austin, TX"
Business Analyst,Wipro,"Plano, TX"
"Business Analyst, Amazon Fresh",Amazon,"New York, United States"
Business Analyst I-1020,COCC,"Southington, CT"
Business Analyst,PENNYCODER,"New York, NY"
Business Analyst,Amazon,"Arlington, VA"
Business Analyst,CGS Federal (Contact Government Services),"Arlington, VA"
ERP/Business Analyst,SBH Fashion,"New York, NY"
Business Analyst,Hexaware Technologies,"Washington, DC"
Business Strategy Analyst,Corner Alliance,"Washington, DC"
Business Analyst,"Donato Technologies, Inc.","Columbus, OH"
Business Analyst,"Donato Technologies, Inc.","Austin, TX"
Business Analyst,Insight Global,Charlotte Metro
JR. Business Analyst - 100% REMOTE,Jobot Consulting,"Detroit, MI"
JR. Business Analyst - 100% REMOTE,Jobot Consulting,"Fort Wayne, IN"
JR. Business Analyst - 100% REMOTE,Jobot Consulting,"Indianapolis, IN"
JR. Business Analyst - 100% REMOTE,Jobot Consulting,"Chicago, IL"
Sr. Business Analyst,CGS Federal (Contact Government Services),"Chantilly, VA"
Remote Business analyst,Stellar Professionals,United States
Business Analyst,CGS Federal (Contact Government Services),"Boise, ID"
Business Analyst,Digital Janet,United States
Business Analyst,Software Technology Inc.,United States
Business Analyst,Umanist Staffing,"Houston, TX"
Business Analyst,Medasource,United States
Sr. Business Analyst,CGS Federal (Contact Government Services),"Houston, TX"
Business Analyst,CGS Federal (Contact Government Services),"Houston, TX"
Business Analyst,Dizer Corp,"Richmond, VA"
Business Analyst,Umanist Staffing,"Los Angeles, CA"
Business Analyst,Adame Services LLC,United States
Sr. Business Analyst,CGS Federal (Contact Government Services),"Los Angeles, CA"
Business Analyst,Amazon,"Seattle, WA"
Senior Business Analyst,Accroid Inc,"Austin, TX"
Business Analyst,DivIHN Integration Inc,"Maple Grove, MN"
Business Analyst,Kforce Inc,"North Palm Beach, FL"
Sr. Business Analyst,CGS Federal (Contact Government Services),"Miami, FL"
Business Analyst,Wipro,"Richmond, VA"
Business Analyst,CGS Federal (Contact Government Services),"Detroit, MI"
Business Analyst,Syntricate Technologies,"Alpharetta, GA"
Business Analyst,"eTek IT Services, Inc.","Beaverton, OR"
Business Analyst,CGS Federal (Contact Government Services),"Plano, TX"
Business Analyst,Umanist Staffing,"Philadelphia, PA"
"Business Analyst, Amazon Fresh",Amazon,"Seattle, WA"
Business Analyst,CGS Federal (Contact Government Services),"Seattle, WA"
Business Analyst,CGS Federal (Contact Government Services),"Albany, NY"
Business Analyst 2,Accroid Inc,"Columbus, OH"
Business Analyst,CGS Federal (Contact Government Services),"Chantilly, VA"
Business Analyst,Umanist Staffing,"Chicago, IL"
Business Operations Analyst,Vero Networks,"Denver, CO"
Business Analyst,TechOp Solutions International,"Washington, DC"
Business Analyst (Entry Level),"PowerPlan, Inc.","Smyrna, GA"
JR. Business Analyst - 100% REMOTE,Jobot Consulting,"Washington, DC"
Business Analyst,GD Resources,"Gaithersburg, MD"
Sr. Business Analyst,CGS Federal (Contact Government Services),"Boston, MA"
Business Analyst,CGS Federal (Contact Government Services),"Philadelphia, PA"
Business Analyst,CGS Federal (Contact Government Services),"Nashville, TN"
Remote Business analyst,Stellar Professionals,"Atlanta, GA"
Business Analyst,"Princeton IT Services, Inc","New York, NY"
Business Analyst,Accroid Inc,"Seattle, WA"
Business Analyst,CGS Federal (Contact Government Services),"Syracuse, NY"
Business Analyst,Empower,United States
Business Analyst,CGS Federal (Contact Government Services),"Washington, DC"
Sr. Business Analyst,CGS Federal (Contact Government Services),"Miramar, FL"
Business Analyst,TekRevol,"Houston, TX"
Business Analyst,CGS Federal (Contact Government Services),"Santa Ana, CA"
Business Analyst,CGS Federal (Contact Government Services),"Dallas, TX"
Business Analyst - Remote (Req #649),Mindex,"Michigan, United States"
Business Analyst,CGS Federal (Contact Government Services),"Fort Myers, FL"
"Business Analyst, Amazon Fresh Grocery",Amazon,"Arlington, VA"
Remote Business Analyst,Stellar Professionals,United States
"Hybrid Role || Need Business Analyst || [Piscataway, NJ, 08854]",Steneral Consulting,"Piscataway, NJ"
Sr. Business Analyst,Birlasoft,"Houston, TX"
Business Analyst,TIMBER,Greater Seattle Area
Healthedge Business analyst,RELQ TECHNOLOGIES,United States
Business Analyst,Censeo Consulting Group,"Washington, DC"
Business Analyst,"PhoenixProConnect, LLC",United States
Business Operations Analyst,CoreSite,"Denver, CO"
Business Analyst,KYYBA Inc,"Boston, MA"
Business Analyst,Hexaware Technologies,"Reston, VA"
Business Analyst,Amazon,"Nashville, TN"
Business Analyst,Kforce Inc,"West Palm Beach, FL"
Business Analyst (REMOTE),Serigor Inc,"Minneapolis, MN"
"Business Analyst, Amazon Fresh Grocery",Amazon,"Seattle, WA"
Business Analyst,CGS Federal (Contact Government Services),"Boston, MA"
Business Analyst (KYC),Synechron,"Irving, TX"
Business Analyst,HatchPros,"Chicago, IL"
Business Analyst (REMOTE),Serigor Inc,"Raleigh, NC"
Business Analyst,Optomi,"Albany, New York Metropolitan Area"
Business Analyst,HatchPros,United States
Business Analyst,AllSTEM Connections,New York City Metropolitan Area
Business Analyst (BA),Software Technology Inc.,"Atlanta, GA"
Business Analyst,Brooksource,United States
Business Analyst,CGS Federal (Contact Government Services),"Newark, NJ"
Business Analyst,Syntricate Technologies,"New York, NY"
Associate - Operations Business Analyst,Crédit Agricole CIB,"New York, NY"
Remote Agile Business Analyst,Stellar Professionals,United States
BI & Data Visualization Analyst,Cinemark,"Plano, TX"
Data Analyst,Microsoft,"New Jersey, United States"
Data Analyst,Microsoft,"New York, United States"
Data Analyst,Microsoft,"Maryland, United States"
Data Analyst,Microsoft,"California, United States"
Data Analyst,Microsoft,"Texas, United States"
Data Analyst,Microsoft,"Florida, United States"
Data Analyst,Microsoft,"Massachusetts, United States"
Analyst - Data Analytics,American Express,"New York, NY"
Data Analyst,Microsoft,"Illinois, United States"
Data Analyst,Microsoft,"Washington, United States"
Data Analyst,Microsoft,"South Carolina, United States"
Data Analyst,Microsoft,"Colorado, United States"
Data Analyst,Microsoft,"New Hampshire, United States"
Data Analyst,Microsoft,"Georgia, United States"
Data Analyst,Microsoft,"Rhode Island, United States"
"Sr. Analyst, Digital Insights & Analytics",Victoria’s Secret & Co.,United States
Data Analyst,Microsoft,"Delaware, United States"
Consumer Insights Analyst,Under Armour,"Baltimore, MD"
Data Analyst,Microsoft,"Pennsylvania, United States"
Data Analyst,Microsoft,"Oregon, United States"
Data Analyst,Microsoft,"Virginia, United States"
Data Analyst,Microsoft,"Kansas, United States"
Future Analytics & Data Science Opportunities,hims & hers,United States
Data Analyst (Data Analytics),Paradigm Technology,"Miami, FL"
Data Analyst,Microsoft,"Arkansas, United States"
Data Analyst,Microsoft,"North Carolina, United States"
Data Analyst,Microsoft,"Utah, United States"
Data Analyst,Microsoft,"Washington, DC"
Data Analyst,Microsoft,"Connecticut, United States"
Data Analyst,Microsoft,"Ohio, United States"
Data Analyst,Microsoft,"New Mexico, United States"
Data Analyst,Microsoft,"Montana, United States"
Data Analyst,Microsoft,"Tennessee, United States"
Data Analyst,Microsoft,"Michigan, United States"
Data Analyst,Microsoft,"Arizona, United States"
Data Analyst,Microsoft,"Minnesota, United States"
Data Analyst,Microsoft,"Wyoming, United States"
Data Analyst,Microsoft,"Nevada, United States"
Data Analyst,Microsoft,"Hawaii, United States"
Data Analyst,Microsoft,"Missouri, United States"
Data Analyst,Microsoft,"West Virginia, United States"
Data Analyst,Microsoft,"Indiana, United States"
Data Analyst,Microsoft,"Vermont, United States"
Data Analyst,Microsoft,"Wisconsin, United States"
Data Analyst,Toyota North America,"Plano, TX"
"Sr. Data Analyst, Commercial Analytics",Varo Bank,United States
"Associate, FS&A, Ads Revenue & Yield Analytics",Netflix,"New York, United States"
Junior Data Analyst,CDW,"Seattle, WA"
Business Intelligence Analyst,GoHealth,"Illinois, United States"
Data Analytics Rotation Training Program 2024-2025,Sony Music Entertainment,"New York, NY"
Business Intelligence Analyst,The Ash Group,Dallas-Fort Worth Metroplex
"Staff Analyst, Product Analytics",Upstart,United States
Data Analyst,Microsoft,"Iowa, United States"
Data Analyst,Microsoft,"Louisiana, United States"
Data Analyst,Microsoft,"South Dakota, United States"
Data Analyst,Microsoft,"Mississippi, United States"
Data Analyst,Microsoft,"Maine, United States"
Business Intelligence Analyst - Qlik,Concord,United States
Data Analyst,Microsoft,"Nebraska, United States"
Data Analytics,Western Digital,"San Jose, CA"
"Analytics Lead, Lever Insights",Lyft,"New York, NY"
Data Analyst,Zealthy,New York City Metropolitan Area
Business Intelligence Analyst,Zillow,United States
"Data Analyst, Business Intelligence",Privia Health,United States
"graduate intern, data analyst - 2025 Starbucks Summer Internship Program - Data, Analytics, Insights & Business Operations",Starbucks,"Seattle, WA"
"undergraduate intern, data analyst - 2025 Starbucks Summer Internship Program - Data, Analytics, Insights & Business Operations",Starbucks,"Seattle, WA"
Data Scientist I (Revenue),Tinder,"West Hollywood, CA"
Web Analytics Internship (Remote Eligible),Lands' End Japan,"Nashville, TN"
Business Intelligence Analyst,Electrolux Group,"Charlotte, NC"
Head of Data Science & Analytics Engineering,Nextdoor,"San Francisco, CA"
Data Analyst,O'Neal Industries,"Carol Stream, IL"
"Business Analyst, Business Analytics & Strategy",Honda Aircraft Company,Greensboro--Winston-Salem--High Point Area
"Data Scientist, Product Analytics",Meta,"San Francisco, CA"
Business Intelligence Analyst,University of Florida,"Gainesville, FL"
Web Analytics Internship (Remote Eligible),Lands' End Japan,"Northridge, CA"
Web Analytics Internship (Remote Eligible),Lands' End Japan,"Annandale, VA"
BI Reporting and Analytics Specialist-locals,Steneral Consulting,"Dallas, TX"
Marketing Data Analyst,Ledger Bennett,United States
Business Analytics Internship,Comcast,"Massachusetts, United States"
"Analyst, BI & Analytics",Royal Caribbean Group,"Miami, FL"
Business Intelligence Analyst,Vedder Price,"Chicago, IL"
"Data Analyst, Growth Strategy & Analytics",Lyft,"San Francisco County, CA"
"Analytics Lead, Marketplace Strategy",Lyft,"San Francisco County, CA"
2025 Summer Data Analytics/Data Science Intern,Avangrid,"Rochester, New York Metropolitan Area"
Business Analytics Analyst,Saia Inc.,"Johns Creek, GA"
"Sr Manager, Business Insights & Analytics",Biogen,"Cambridge, MA"
Data Analyst,Microsoft,"Kentucky, United States"
Remote Work - Need Sr Data Analytics Analyst,Steneral Consulting,United States
Data Analytics Analyst,"LanceSoft, Inc.","Atlanta, GA"
Data Analyst (SQL / PowerBI),"RealPage, Inc.","Richardson, TX"
Data Analytics/Scientist,InterSources Inc,"San Jose, CA"
"Senior Financial Analyst, Data Analytics & Automation",McDonald's,"Chicago, IL"
Entry-Level Data Analyst,PCS Global Tech,"Texas, United States"
Analytics Internship,ADT,"Boca Raton, FL"
Analytics,Global Lending Services LLC,"Greenville, SC"
Senior Analyst - Data Analytics,American Express,"New York, NY"
Web Analytics Internship (Remote Eligible),Lands' End Japan,"McKinney, TX"
"Associate, Data & Analytics - NYC",AdTheorent,"New York, NY"
Predictive Analytics Specialist,Augment Jobs,"Austin, TX"
Data Analyst,O'Neal Industries,"Exton, PA"
Data & Analytics Specialist,TikTok,"Los Angeles, CA"
Data Analytics Engineer,Under Armour,United States
People Analytics Analyst,Plaid,United States
Business Analytics,Syntricate Technologies,"Mountainside, NJ"
Data Analyst,TPI Global Solutions,"Houston, TX"
Data Analyst,Kforce Inc,"Beaverton, OR"
Business Intelligence Analyst,Domotz,"San Francisco, CA"
Research Analyst Intern- Data Analytics,Bainbridge,United States
Sr. Manager of Business Intelligence and Analytics,Integra Connect,United States
Fraud Data Analyst,SoFi,"New York, NY"
Fraud Data Analyst,SoFi,"San Francisco, CA"
Database Administrator,Safra National Bank,"New York, NY"
Database Administration Manager,Chipotle Mexican Grill,"Columbus, OH"
Senior SQL Database Administrator,City of Philadelphia,"Philadelphia, PA"
Database Administrator,"Donato Technologies, Inc.",United States
"Manager, Database Administration",Chipotle Mexican Grill,"Columbus, OH"
Senior Database Administrator,Public Storage,"Plano, TX"
Database Administrator,Umanist Staffing,"Phoenix, AZ"
Database Administrator 3,"Anveta, Inc",United States
Database Administrator,IT Minds LLC,United States
Database Administrator,Umanist Staffing,"Philadelphia, PA"
Database Administrator,Recurring Decimal,United States
Database Administrator,Umanist Staffing,"New York, NY"
Database Administrator,Oxenham Group,United States
Database Administrator - SQL Servers,Humana,United States
Database Administrator,Node.Digital LLC,United States
Database Administrator,"Woongjin, INC.","Kokomo, IN"
"Jr. SQL DBA(Hybrid-Mechanicsburg, PA--Locals Only)",HatchPros,"Mechanicsburg, PA"
Administrator - Database,"Quadrant, Inc.","Washington, DC"
Database Intern,"Kitu Systems, Inc.","San Diego, CA"
Database Administrator,HireKeyz Inc,United States
SQL Data Administrator II - NBC Sports Next,NBC Sports Next,"Orlando, FL"
Database Administrator,"Link Solutions, Inc.","Fort Stewart, GA"
Database Administrator,KellyMitchell Group,United States
Database Administrator,DRISHTICON Inc,"Los Angeles, CA"
Database Administrator,Stream Data Centers,United States
Database Administrator,Umanist Staffing,"Houston, TX"
"Jr. SQL DBA(Hybrid-Mechanicsburg, PALocals Only)",HatchPros,"Mechanicsburg, PA"
Database Administrators,"Donato Technologies, Inc.","Atlanta, GA"
SQL Server Database Administrator,"ACS Consultancy Services, Inc",United States
Database Administrator,Kforce Inc,"Englewood, CO"
Sr. Database Administrator,IntePros,"Philadelphia, PA"
Senior SQL DBA,Inceed,"Kansas City, MO"
Database Administrator - Senior,Genesis10,"Franklin, WI"
Senior Database Administrator (DBA),Integrated Finance & Accounting Solutions (IFAS),"Charleston, SC"
"Database Administrator, Conservative Politics",HSP Direct,"Ashburn, VA"
Database Administrator,Umanist Staffing,"San Antonio, TX"
Database Specialist,Associated Wholesale Grocers,Kansas City Metropolitan Area
Senior SQL Server DBA,Morph Enterprise,"Columbus, OH"
Database Administrator,LHH,United States
SQL Server DBA - Remote,NOVALINK SOLUTIONS LLC,"Columbus, OH"
Database Administrator,Charter Global,"Manhattan, NY"
Senior Database Administrator,CGS,"Florida, United States"
SQL Database Administrator,Talent Tier,United States
SQL Database Administrator,Addison Group,"Austin, Texas Metropolitan Area"
Database Administrator -- 1 Year Contract -- Tennessee (Remote),Lorven Technologies Inc.,United States
SQL Server DBA,Cyborgwave,"Columbus, OH"
Junior Database Administrator,Leidos,"Arlington, VA"
Senior Database Administrator,Lorven Technologies Inc.,United States
SQL Database Admin,Primary Talent Partners,"San Antonio, TX"
SQL Database Administrator,Hexaware Technologies,"Morristown, NJ"
Database Administrator,TBG | The Bachrach Group,"New York, NY"
Database Administrator II,StoneAge Waterblast Tools,"Durango, CO"
Sr. SQL Server DBA,Dale WorkForce Solutions,"Pennsylvania, United States"
Mid-level Database Administrator,Belay Technologies,"Columbia, MD"
Senior Sql Database Administrator,A2C,"Philadelphia, PA"
Database Specialist,Intelliswift Software,United States
Senior  SQL Server DBA,Kodi Inc,United States
Sr. SQL Database Administrator,ClearBridge Technology Group,United States
Database Administrator,Ampcus Inc,"Kokomo, IN"
Database Administrator,Umanist Staffing,"Chicago, IL"
Database Administrator,Umanist Staffing,"Los Angeles, CA"
Database Admin - New York,Yeah! Global,"New York, NY"
SQL DBA,"RIT Solutions, Inc.","Tampa, FL"
SQL DBA,Ampcus Inc,"New York, NY"
SQL Server Database Administrator,Prime Team Partners,"Lewisville, TX"
Database Administrator - Oracle,"Anveta, Inc",United States
Mid-Tier Database Administrator,Enterprise Horizon Consulting Group,"Yorktown, VA"
Database Administrator,"Spatial Front, Inc",United States
SQL Database Administrator,AutoNation,"Fort Lauderdale, FL"
SQL Server DBA,Synergis,"Duluth, GA"
SQL DBA,Ampcus Inc,"New York County, NY"
Database Administrator,Arka IT Solutions,"Austin, Texas Metropolitan Area"
Database Admin,System Soft Technologies,"Michigan, United States"
Database Administrator,CITY OF HARLINGEN WATERWORKS SYSTEM,"Harlingen, TX"
SQL Database Administrator,Insight Global,"Phoenix, AZ"
Senior SQL Database Administrator,JCS Solutions LLC,"Fort George G. Meade, MD"
Database Administrator 3 (1199),Connect Tech+Talent,"Texas, United States"
Database Administrator,Geopaq Logic Inc,"Kokomo, IN"
Database Administrator - Oracle - FULLY REMOTE - Need Only LOCAL to New Jersey,RICEFW Technologies Inc,United States
Database Administrator (DBA),Accroid Inc,"Texas City, TX"
Sr. SQL DBA / Systems Analyst,CGS Federal (Contact Government Services),"Philadelphia, PA"
Sr. SQL DBA / Systems Analyst,CGS Federal (Contact Government Services),"Tampa, FL"
Sr. SQL DBA / Systems Analyst,CGS Federal (Contact Government Services),"Nashville, TN"
Sr. SQL DBA / Systems Analyst,CGS Federal (Contact Government Services),"Lincoln, NE"
Sr. SQL DBA / Systems Analyst,CGS Federal (Contact Government Services),"Tysons Corner, VA"
Sr. SQL DBA / Systems Analyst,CGS Federal (Contact Government Services),"Miami, FL"
Sr. SQL DBA / Systems Analyst,CGS Federal (Contact Government Services),"Kansas City, MO"
Sr. SQL DBA / Systems Analyst,CGS Federal (Contact Government Services),"San Antonio, TX"
Sr. SQL DBA / Systems Analyst,CGS Federal (Contact Government Services),"Orlando, FL"
Database Admin,"Donato Technologies, Inc.",United States
Database Administrator,CereCore,Greater Palm Bay-Melbourne-Titusville Area
Database Administrator (Database Administrator III),"Donato Technologies, Inc.",United States
Database Administrator,Orange Logic,United States
Database Administrator (DBA),UpRecruit,"San Antonio, TX"
Junior Database Administrator,AERMOR,"Norfolk, VA"
Database Administrator,Agility Partners,"Columbus, Ohio Metropolitan Area"
Database Administrator,"Diligent Tec, Inc",United States
Database Administrator,iManage,United States
Senior Database Administrator,CGS Federal (Contact Government Services),"New York, NY"
Database Administrator,Software Technology Inc.,United States
"Senior Database Administrator - Dallas, TX",CGI,"Dallas, TX"
Database Administration,Five Cubes,"New York, NY"
Senior Database Administrator,CGS Federal (Contact Government Services),"Plano, TX"
Mid-tier DBA,Innovatus Technology Consulting,"Yorktown, VA"
Senior Database Administrator,CGS Federal (Contact Government Services),"Syracuse, NY"
Senior Database Administrator,CGS Federal (Contact Government Services),"Rochester, NY"
Senior Database Administrator,CoreSite,"Denver, CO"
"Databases Administrator - Tampa, FL",Jobs Malaysia - Two95 HR HUB,"Tampa, FL"
Database Administrator,NinjaTrader,"Chicago, IL"
Database Administrator,Accroid Inc,United States
Database Administrator,"ACS Consultancy Services, Inc",United States
Database Administrator [Remote],SmartIPlace,United States
Senior Database Administrator,CGS Federal (Contact Government Services),"Denver, CO"
Database Administrator (DBA),American Integrity Insurance Company,Greater Tampa Bay Area
Jr SQL DBA,DKMRBH Inc,"Princeton, NJ"
Database Administrator,Augment Jobs,"Austin, TX"
Senior Database Administrator,CGS Federal (Contact Government Services),"San Francisco, CA"
Senior Database Administrator,CGS Federal (Contact Government Services),"Dallas, TX"
Senior Database Administrator,CGS Federal (Contact Government Services),"Seattle, WA"
Senior Database Administrator,CGS Federal (Contact Government Services),"Chicago, IL"
Senior Database Administrator,CGS Federal (Contact Government Services),"Philadelphia, PA"
Mid-Level Database Administrator,HireKeyz Inc,"Tacoma, WA"
Senior Database Administrator,Fusion Technology LLC,"Bridgeport, WV"
Database Admin - Dallas,Yeah! Global,"Dallas, TX"
Database Administrator,"LanceSoft, Inc.","Salt Lake County, UT"
Senior Sql Database Administrator,"Tyto Athene, LLC","Fort Meade, FL"
Database Administrator,JPI,United States
Senior Database Administrator,Crox Consulting Inc,"Morgantown, PA"
Database Administrator,State of Wisconsin,"Madison, WI"
Database Administrator 3,Intellectual Capitol (ICAP),"Texas, United States"
Database Administrator,Parsons Corporation,United States
SQL DBA / Developer,"Amtex Enterprises,Inc (https://amtexenterprises.com/careers-jobs/)","Irving, TX"
Oracle Database Administrator,"ACS Consultancy Services, Inc",United States
Database Adminstrator,Robert Half,"Houston, TX"
"Urgent Remote Opening for Certified SQL Server DBA/SQL DBA - Columbus, OH - Need Local to OH Only.",SmartIPlace,United States
Oracle Database Administrator,First Soft Solutions LLC,"Piscataway, NJ"
Remote Database Administrator - SQL and Access,Get It Recruit - Information Technology,"Durham, NC"
Senior SQL Server DBA with AWS Migration Experience,"Delta System & Software, Inc.","Texas, United States"
Oracle Database Administrator,Accroid Inc,United States
SQL Database Administrator,Syntricate Technologies,"Stamford, CT"
SQL DBA,Syntricate Technologies,"Stamford, CT"
Senior Database Manager,"InVitro Cell Research, LLC",New York City Metropolitan Area
Database Administrator / SQL Developer,"Northwest Administrators, Inc","Seattle, WA"
SQL Database Administrator,Apex Systems,Dallas-Fort Worth Metroplex
Database Administrator,Bayside Solutions,"Vallejo, CA"
Database Administrator Manager,Inceed,"Denver, CO"
Remote Database Administrator | WFH,Get It Recruit - Information Technology,"Warner Robins, GA"
Database Administrator,System Soft Technologies,Greater Philadelphia
Sr. SQL DBA / Systems Analyst,CGS Federal (Contact Government Services),"Fort Lauderdale, FL"
Database Administrator,Crystal Equation Corporation,"Kokomo, IN"
SENIOR SQL DBA.7000700,Dallas County,"Dallas, TX"
Lead Database Admin,Kforce Inc,"Fort Worth, TX"
Sr. SQL Server DBA,MHK TECH INC,"Houston, TX"
Database Administrator,Akkodis,"Anaheim, CA"
Database Administrator IV (Teradata) - Remote,PSCU,United States
Remote Sr. Database Administrator | WFH,Get It Recruit - Information Technology,"Portland, OR"
Senior Sql Database Administrator,Cloudinity Inc,United States
Sr. SQL DBA / Systems Analyst,CGS Federal (Contact Government Services),"Pierre, SD"
Manager Database Administration,Confidential,Atlanta Metropolitan Area
Database Admin,Software People Inc.,"Albany, NY"
